lead_001,nam,1970-1-5,true,09029332,anna@gmail.com,702 Nguyen Van Linh
lead_002,nam,1970-1-5,true,09029332,anna@gmail.com,702 Nguyen Van Linh
lead_003,nam,1970-1-5,true,09029332,anna@gmail.com,702 Nguyen Van Linh
lead_004,nam,1960-2-27,true,09232332,jon@gmail.com,100 Tran Phu
lead_005,nam,1970-1-5,true,09029332,anna@gmail.com,702 Nguyen Van Linh
lead_006,nam,1960-2-27,true,09232332,jon@gmail.com,100 Tran Phu
lead_007,nam,1970-1-5,true,09029332,anna@gmail.com,702 Nguyen Van Linh
lead_008,nam,1960-2-27,true,09232332,jon@gmail.com,100 Tran Phu
lead_009,nam,1970-1-5,true,09029332,anna@gmail.com,702 Nguyen Van Linh
lead_010,nam,1960-2-27,true,09232332,jon@gmail.com,100 Tran Phu
lead_011,nam,1970-1-5,true,09029332,anna@gmail.com,702 Nguyen Van Linh
lead_012,nam,1960-2-27,true,09232332,jon@gmail.com,100 Tran Phu
lead_013,nam,1970-1-5,true,09029332,anna@gmail.com,702 Nguyen Van Linh
lead_014,nam,1960-2-27,true,09232332,jon@gmail.com,100 Tran Phu
lead_015,nam,1970-1-5,true,09029332,anna@gmail.com,702 Nguyen Van Linh
lead_016,nam,1960-2-27,true,09232332,jon@gmail.com,100 Tran Phu
lead_017,nam,1970-1-5,true,09029332,anna@gmail.com,702 Nguyen Van Linh
lead_018,nam,1960-2-27,true,09232332,jon@gmail.com,100 Tran Phu
lead_019,nam,1970-1-5,true,09029332,anna@gmail.com,702 Nguyen Van Linh
lead_020,nam,1960-2-27,true,09232332,jon@gmail.com,100 Tran Phu
lead_021,nam,1970-1-5,true,09029332,anna@gmail.com,702 Nguyen Van Linh
lead_022,nam,1960-2-27,true,09232332,jon@gmail.com,100 Tran Phu
lead_023,nam,1970-1-5,true,09029332,anna@gmail.com,702 Nguyen Van Linh
lead_024,nam,1960-2-27,true,09232332,jon@gmail.com,100 Tran Phu
lead_025,nam,1970-1-5,true,09029332,anna@gmail.com,702 Nguyen Van Linh
lead_026,nam,1960-2-27,true,09232332,jon@gmail.com,100 Tran Phu
lead_027,nam,1970-1-5,true,09029332,anna@gmail.com,702 Nguyen Van Linh
lead_028,nam,1960-2-27,true,09232332,jon@gmail.com,100 Tran Phu
lead_029,nam,1970-1-5,true,09029332,anna@gmail.com,702 Nguyen Van Linh
lead_030,nam,960-2-27,true,09232332,jon@gmail.com,100 Tran Phu
lead_031,nam,1970-1-5,true,09029332,anna@gmail.com,702 Nguyen Van Linh
lead_032,nam,1960-2-27,true,09232332,jon@gmail.com,100 Tran Phu
lead_033,nam,1970-1-5,true,09029332,anna@gmail.com,702 Nguyen Van Linh
lead_034,nam,1960-2-27,true,09232332,jon@gmail.com,100 Tran Phu
lead_035,nam,1970-1-5,true,09029332,anna@gmail.com,702 Nguyen Van Linh
lead_036,nam,1960-2-27,true,09232332,jon@gmail.com,100 Tran Phu
lead_037,nam,1970-1-5,true,09029332,anna@gmail.com,702 Nguyen Van Linh
lead_038,nam,1960-2-27,true,09232332,jon@gmail.com,100 Tran Phu
lead_039,nam,1970-1-5,true,09029332,anna@gmail.com,702 Nguyen Van Linh
lead_040,nam,1960-2-27,true,09232332,jon@gmail.com,100 Tran Phu
lead_041,nam,1970-1-5,true,09029332,anna@gmail.com,702 Nguyen Van Linh
lead_042,nam,1960-2-27,true,09232332,jon@gmail.com,100 Tran Phu
lead_043,nam,1970-1-5,true,09029332,anna@gmail.com,702 Nguyen Van Linh
lead_044,nam,1960-2-27,true,09232332,jon@gmail.com,100 Tran Phu
